{"cameraMode":{"drawMode":0,"name":"Shaded","section":"Shading Mode"},"sceneLighting":true,"audioPlay":false,"sceneViewState":{"showFog":false,"showMaterialUpdate":false,"showSkybox":false,"showFlares":false,"showImageEffects":false,"showParticleSystems":false},"in2DMode":false,"pivot":{"x":22.66468620300293,"y":28.431751251220704,"z":-162.9719696044922},"rotation":{"x":-0.19445039331912995,"y":-0.7748004198074341,"z":0.283945769071579,"w":-0.5304347276687622},"size":25.83841323852539,"orthographic":false}