{"cameraMode":{"drawMode":0,"name":"Shaded","section":"Shading Mode"},"sceneLighting":false,"audioPlay":false,"sceneViewState":{"showFog":false,"showMaterialUpdate":false,"showSkybox":false,"showFlares":false,"showImageEffects":false,"showParticleSystems":false},"in2DMode":false,"pivot":{"x":6.269182205200195,"y":8.372297286987305,"z":-15.738243103027344},"rotation":{"x":-0.02602507174015045,"y":0.9738484621047974,"z":-0.15348947048187257,"w":-0.16575001180171967},"size":9.314387321472168,"orthographic":false}