{"cameraMode":{"drawMode":0,"name":"Shaded","section":"Shading Mode"},"sceneLighting":false,"audioPlay":false,"sceneViewState":{"showFog":false,"showMaterialUpdate":false,"showSkybox":false,"showFlares":false,"showImageEffects":false,"showParticleSystems":false},"in2DMode":false,"pivot":{"x":1.9522645473480225,"y":0.43420231342315676,"z":0.883868932723999},"rotation":{"x":-0.17988631129264832,"y":-0.3114667534828186,"z":0.06010276451706886,"w":-0.9311845302581787},"size":2.1199116706848146,"orthographic":false}