{"cameraMode":{"drawMode":0,"name":"Shaded","section":"Shading Mode"},"sceneLighting":true,"audioPlay":false,"sceneViewState":{"showFog":false,"showMaterialUpdate":false,"showSkybox":false,"showFlares":false,"showImageEffects":false,"showParticleSystems":false},"in2DMode":false,"pivot":{"x":1.0157442092895508,"y":19.00437355041504,"z":-130.7288818359375},"rotation":{"x":-0.2495173066854477,"y":0.18216443061828614,"z":-0.04765518754720688,"w":-0.9500148296356201},"size":43.70136260986328,"orthographic":false}