{"cameraMode":{"drawMode":0,"name":"Shaded","section":"Shading Mode"},"sceneLighting":true,"audioPlay":false,"sceneViewState":{"showFog":false,"showMaterialUpdate":false,"showSkybox":false,"showFlares":false,"showImageEffects":false,"showParticleSystems":false},"in2DMode":false,"pivot":{"x":110.6147232055664,"y":-39.336448669433597,"z":-169.74911499023438},"rotation":{"x":0.1714228391647339,"y":0.7913171648979187,"z":-0.25676286220550539,"w":0.5279986262321472},"size":43.70136260986328,"orthographic":false}