{"cameraMode":{"drawMode":0,"name":"Shaded","section":"Shading Mode"},"sceneLighting":true,"audioPlay":false,"sceneViewState":{"showFog":false,"showMaterialUpdate":false,"showSkybox":false,"showFlares":false,"showImageEffects":false,"showParticleSystems":false},"in2DMode":false,"pivot":{"x":79.23802185058594,"y":9.910269737243653,"z":-140.50059509277345},"rotation":{"x":0.11002963781356812,"y":0.1357247680425644,"z":-0.015331055968999863,"w":0.9846161603927612},"size":2.776195526123047,"orthographic":false}