{"cameraMode":{"drawMode":0,"name":"Shaded","section":"Shading Mode"},"sceneLighting":false,"audioPlay":false,"sceneViewState":{"showFog":false,"showMaterialUpdate":false,"showSkybox":false,"showFlares":false,"showImageEffects":false,"showParticleSystems":false},"in2DMode":false,"pivot":{"x":-15.939813613891602,"y":2.222797393798828,"z":6.493722915649414},"rotation":{"x":-0.18978950381278993,"y":0.3932966887950897,"z":-0.08339550346136093,"w":-0.8957847952842712},"size":1.299038052558899,"orthographic":false}