{"cameraMode":{"drawMode":0,"name":"Shaded","section":"Shading Mode"},"sceneLighting":true,"audioPlay":false,"sceneViewState":{"showFog":false,"showMaterialUpdate":false,"showSkybox":false,"showFlares":false,"showImageEffects":false,"showParticleSystems":false},"in2DMode":false,"pivot":{"x":25.984264373779298,"y":25.258424758911134,"z":-154.78817749023438},"rotation":{"x":-0.25530070066452029,"y":-0.6112368702888489,"z":0.21798808872699738,"w":-0.716888964176178},"size":23.64139175415039,"orthographic":false}