{"cameraMode":{"drawMode":0,"name":"Shaded","section":"Shading Mode"},"sceneLighting":false,"audioPlay":false,"sceneViewState":{"showFog":false,"showMaterialUpdate":false,"showSkybox":false,"showFlares":false,"showImageEffects":false,"showParticleSystems":false},"in2DMode":false,"pivot":{"x":-21.659088134765626,"y":-21.81952476501465,"z":-48.534366607666019},"rotation":{"x":-0.282031774520874,"y":0.6686543822288513,"z":-0.3061554431915283,"w":-0.6162111163139343},"size":31.838214874267579,"orthographic":false}