{"cameraMode":{"drawMode":0,"name":"Shaded","section":"Shading Mode"},"sceneLighting":true,"audioPlay":false,"sceneViewState":{"showFog":false,"showMaterialUpdate":false,"showSkybox":false,"showFlares":false,"showImageEffects":false,"showParticleSystems":false},"in2DMode":false,"pivot":{"x":32.97542953491211,"y":25.150501251220704,"z":-154.4837646484375},"rotation":{"x":0.20103470981121064,"y":0.5555276870727539,"z":-0.14053623378276826,"w":0.794525682926178},"size":31.06363868713379,"orthographic":false}