{"cameraMode":{"drawMode":0,"name":"Shaded","section":"Shading Mode"},"sceneLighting":true,"audioPlay":false,"sceneViewState":{"showFog":false,"showMaterialUpdate":false,"showSkybox":false,"showFlares":false,"showImageEffects":false,"showParticleSystems":false},"in2DMode":false,"pivot":{"x":-71.58399200439453,"y":26.890979766845704,"z":-8.949161529541016},"rotation":{"x":-0.10467371344566345,"y":-0.6561442613601685,"z":0.09938731044530869,"w":-0.7419299483299255},"size":18.519447326660158,"orthographic":false}