{"cameraMode":{"drawMode":0,"name":"Shaded","section":"Shading Mode"},"sceneLighting":true,"audioPlay":false,"sceneViewState":{"showFog":false,"showMaterialUpdate":false,"showSkybox":false,"showFlares":false,"showImageEffects":false,"showParticleSystems":false},"in2DMode":false,"pivot":{"x":76.90831756591797,"y":17.436874389648439,"z":28.402746200561525},"rotation":{"x":-0.09710028022527695,"y":0.717894971370697,"z":-0.10260779410600662,"w":-0.6828358173370361},"size":1.432013750076294,"orthographic":false}