{"cameraMode":{"drawMode":0,"name":"Shaded","section":"Shading Mode"},"sceneLighting":true,"audioPlay":false,"sceneViewState":{"showFog":false,"showMaterialUpdate":false,"showSkybox":false,"showFlares":false,"showImageEffects":false,"showParticleSystems":false},"in2DMode":false,"pivot":{"x":13.234187126159668,"y":71.08133697509766,"z":-183.59097290039063},"rotation":{"x":0.4191133677959442,"y":0.09475035965442658,"z":-0.027432799339294435,"w":0.9041516184806824},"size":2.776195526123047,"orthographic":false}