{"cameraMode":{"drawMode":0,"name":"Shaded","section":"Shading Mode"},"sceneLighting":true,"audioPlay":false,"sceneViewState":{"showFog":false,"showMaterialUpdate":false,"showSkybox":false,"showFlares":false,"showImageEffects":false,"showParticleSystems":false},"in2DMode":false,"pivot":{"x":53.15354919433594,"y":46.37356948852539,"z":-154.8289031982422},"rotation":{"x":0.1610722690820694,"y":0.6434628367424011,"z":-0.12479571253061295,"w":0.739642858505249},"size":21.528322219848634,"orthographic":false}