{"cameraMode":{"drawMode":0,"name":"Shaded","section":"Shading Mode"},"sceneLighting":true,"audioPlay":false,"sceneViewState":{"showFog":false,"showMaterialUpdate":false,"showSkybox":false,"showFlares":false,"showImageEffects":false,"showParticleSystems":false},"in2DMode":false,"pivot":{"x":19.031808853149415,"y":39.44326400756836,"z":-16.590579986572267},"rotation":{"x":0.329017698764801,"y":-0.3331800103187561,"z":0.12453506141901016,"w":0.8758742213249207},"size":21.528322219848634,"orthographic":false}