{"cameraMode":{"drawMode":0,"name":"Shaded","section":"Shading Mode"},"sceneLighting":true,"audioPlay":false,"sceneViewState":{"showFog":false,"showMaterialUpdate":false,"showSkybox":false,"showFlares":false,"showImageEffects":false,"showParticleSystems":false},"in2DMode":false,"pivot":{"x":-15.553913116455079,"y":12.759281158447266,"z":-15.181243896484375},"rotation":{"x":-0.10745014995336533,"y":0.8569353818893433,"z":-0.2064424455165863,"w":-0.46203047037124636},"size":21.528322219848634,"orthographic":false}