{"cameraMode":{"drawMode":0,"name":"Shaded","section":"Shading Mode"},"sceneLighting":true,"audioPlay":false,"sceneViewState":{"showFog":false,"showMaterialUpdate":false,"showSkybox":false,"showFlares":false,"showImageEffects":false,"showParticleSystems":false},"in2DMode":false,"pivot":{"x":-93.01581573486328,"y":52.03530502319336,"z":-160.84832763671876},"rotation":{"x":-0.15973085165023805,"y":0.7256447672843933,"z":-0.21198689937591554,"w":-0.6371691226959229},"size":2.776195526123047,"orthographic":false}