{"cameraMode":{"drawMode":0,"name":"Shaded","section":"Shading Mode"},"sceneLighting":false,"audioPlay":false,"sceneViewState":{"showFog":false,"showMaterialUpdate":false,"showSkybox":false,"showFlares":false,"showImageEffects":false,"showParticleSystems":false},"in2DMode":false,"pivot":{"x":1.4901161193847657e-8,"y":0.3417401611804962,"z":0.11479872465133667},"rotation":{"x":-0.13656863570213319,"y":0.823173463344574,"z":-0.268553227186203,"w":-0.48438596725463869},"size":0.7210968732833862,"orthographic":false}