{"cameraMode":{"drawMode":0,"name":"Shaded","section":"Shading Mode"},"sceneLighting":true,"audioPlay":false,"sceneViewState":{"showFog":false,"showMaterialUpdate":false,"showSkybox":false,"showFlares":false,"showImageEffects":false,"showParticleSystems":false},"in2DMode":false,"pivot":{"x":6.397644519805908,"y":21.81298828125,"z":-1.2412811517715455},"rotation":{"x":0.08202404528856278,"y":-0.9162917733192444,"z":0.25357896089553835,"w":0.29962125420570376},"size":6.0073957443237309,"orthographic":false}