{"cameraMode":{"drawMode":0,"name":"Shaded","section":"Shading Mode"},"sceneLighting":true,"audioPlay":false,"sceneViewState":{"showFog":false,"showMaterialUpdate":false,"showSkybox":false,"showFlares":false,"showImageEffects":false,"showParticleSystems":false},"in2DMode":false,"pivot":{"x":-86.74322509765625,"y":25.7833194732666,"z":-30.31391143798828},"rotation":{"x":-0.06924708187580109,"y":-0.926906943321228,"z":0.2419423907995224,"w":-0.28164470195770266},"size":18.519447326660158,"orthographic":false}