{"cameraMode":{"drawMode":0,"name":"Shaded","section":"Shading Mode"},"sceneLighting":true,"audioPlay":false,"sceneViewState":{"showFog":false,"showMaterialUpdate":false,"showSkybox":false,"showFlares":false,"showImageEffects":false,"showParticleSystems":false},"in2DMode":false,"pivot":{"x":-54.30531692504883,"y":67.2716064453125,"z":-96.36537170410156},"rotation":{"x":0.12488993257284165,"y":0.14147093892097474,"z":0.0013123629614710808,"w":0.9835917353630066},"size":2.993593692779541,"orthographic":false}