{"cameraMode":{"drawMode":0,"name":"Shaded","section":"Shading Mode"},"sceneLighting":false,"audioPlay":false,"sceneViewState":{"showFog":false,"showMaterialUpdate":false,"showSkybox":false,"showFlares":false,"showImageEffects":false,"showParticleSystems":false},"in2DMode":false,"pivot":{"x":15.82795238494873,"y":20.711360931396486,"z":-38.15129089355469},"rotation":{"x":0.2837899625301361,"y":-0.09537873417139054,"z":0.02852473221719265,"w":0.9537686109542847},"size":1.4881854057312012,"orthographic":false}