{"cameraMode":{"drawMode":0,"name":"Shaded","section":"Shading Mode"},"sceneLighting":true,"audioPlay":false,"sceneViewState":{"showFog":false,"showMaterialUpdate":false,"showSkybox":false,"showFlares":false,"showImageEffects":false,"showParticleSystems":false},"in2DMode":false,"pivot":{"x":3.964564800262451,"y":30.515090942382814,"z":-172.85195922851563},"rotation":{"x":0.13187025487422944,"y":-0.7813026309013367,"z":0.21355430781841279,"w":0.5741211175918579},"size":2.776195526123047,"orthographic":false}